aaaaa1,bbbaa1,cccaa1@nowhere.com
aaaab1,bbbab1,cccaa2@nowhere.com
aaaac1,bbbac1,cccaa3@nowhere.com
aaaaa2,bbbaa2,cccaa4@nowhere.com
aaaab2,bbbab2,cccaa5@nowhere.com
aaaac2,bbbac2,cccaa6@nowhere.com
aaaaa3,bbbaa3,cccaa7@nowhere.com
aaaab3,bbbab3,cccaa8@nowhere.com
aaaac3,bbbac3,cccaa9@nowhere.com
aaaaa4,bbbaa4,cccaa10@nowhere.com
aaaab4,bbbab4,cccaa11@nowhere.com
aaaac4,bbbac4,cccaa12@nowhere.com
aaaaa5,bbbaa5,cccaa13@nowhere.com
aaaab5,bbbab5,cccaa14@nowhere.com
aaaac5,bbbac5,cccaa15@nowhere.com
aaaaa6,bbbaa6,cccaa16@nowhere.com
aaaab6,bbbab6,cccaa17@nowhere.com
aaaac6,bbbac6,cccaa18@nowhere.com
aaaaa7,bbbaa7,cccaa19@nowhere.com
aaaab7,bbbab7,cccaa20@nowhere.com
aaaac7,bbbac7,cccaa21@nowhere.com
aaaaa8,bbbaa8,cccaa22@nowhere.com
aaaab8,bbbab8,cccaa23@nowhere.com
aaaac8,bbbac8,cccaa24@nowhere.com
aaaaa9,bbbaa9,cccaa25@nowhere.com
aaaab9,bbbab9,cccaa26@nowhere.com
aaaac9,bbbac9,cccaa27@nowhere.com
aaaaa10,bbbaa10,cccaa28@nowhere.com
aaaab10,bbbab10,cccaa29@nowhere.com
aaaac10,bbbac10,cccaa30@nowhere.com
aaaaa11,bbbaa11,cccaa31@nowhere.com
aaaab11,bbbab11,cccaa32@nowhere.com
aaaac11,bbbac11,cccaa33@nowhere.com
aaaaa12,bbbaa12,cccaa34@nowhere.com
aaaab12,bbbab12,cccaa35@nowhere.com
aaaac12,bbbac12,cccaa36@nowhere.com
aaaaa13,bbbaa13,cccaa37@nowhere.com
aaaab13,bbbab13,cccaa38@nowhere.com
aaaac13,bbbac13,cccaa39@nowhere.com
aaaaa14,bbbaa14,cccaa40@nowhere.com
aaaab14,bbbab14,cccaa41@nowhere.com
aaaac14,bbbac14,cccaa42@nowhere.com
aaaaa15,bbbaa15,cccaa43@nowhere.com
aaaab15,bbbab15,cccaa44@nowhere.com
aaaac15,bbbac15,cccaa45@nowhere.com
aaaaa16,bbbaa16,cccaa46@nowhere.com
aaaab16,bbbab16,cccaa47@nowhere.com
aaaac16,bbbac16,cccaa48@nowhere.com
aaaaa17,bbbaa17,cccaa49@nowhere.com
aaaab17,bbbab17,cccaa50@nowhere.com
aaaac17,bbbac17,cccaa51@nowhere.com
aaaaa18,bbbaa18,cccaa52@nowhere.com
aaaab18,bbbab18,cccaa53@nowhere.com
aaaac18,bbbac18,cccaa54@nowhere.com
aaaaa19,bbbaa19,cccaa55@nowhere.com
aaaab19,bbbab19,cccaa56@nowhere.com
aaaac19,bbbac19,cccaa57@nowhere.com
aaaaa20,bbbaa20,cccaa58@nowhere.com
aaaab20,bbbab20,cccaa59@nowhere.com
aaaac20,bbbac20,cccaa60@nowhere.com
aaaaa21,bbbaa21,cccaa61@nowhere.com
aaaab21,bbbab21,cccaa62@nowhere.com
aaaac21,bbbac21,cccaa63@nowhere.com
aaaaa22,bbbaa22,cccaa64@nowhere.com
aaaab22,bbbab22,cccaa65@nowhere.com
aaaac22,bbbac22,cccaa66@nowhere.com
aaaaa23,bbbaa23,cccaa67@nowhere.com
aaaab23,bbbab23,cccaa68@nowhere.com
aaaac23,bbbac23,cccaa69@nowhere.com
aaaaa24,bbbaa24,cccaa70@nowhere.com
aaaab24,bbbab24,cccaa71@nowhere.com
aaaac24,bbbac24,cccaa72@nowhere.com
aaaaa25,bbbaa25,cccaa73@nowhere.com
aaaab25,bbbab25,cccaa74@nowhere.com
aaaac25,bbbac25,cccaa75@nowhere.com
aaaaa26,bbbaa26,cccaa76@nowhere.com
aaaab26,bbbab26,cccaa77@nowhere.com
aaaac26,bbbac26,cccaa78@nowhere.com
aaaaa27,bbbaa27,cccaa79@nowhere.com
aaaab27,bbbab27,cccaa80@nowhere.com
aaaac27,bbbac27,cccaa81@nowhere.com
aaaaa28,bbbaa28,cccaa82@nowhere.com
aaaab28,bbbab28,cccaa83@nowhere.com
aaaac28,bbbac28,cccaa84@nowhere.com
aaaaa29,bbbaa29,cccaa85@nowhere.com
aaaab29,bbbab29,cccaa86@nowhere.com
aaaac29,bbbac29,cccaa87@nowhere.com
aaaaa30,bbbaa30,cccaa88@nowhere.com
aaaab30,bbbab30,cccaa89@nowhere.com
aaaac30,bbbac30,cccaa90@nowhere.com
aaaaa31,bbbaa31,cccaa91@nowhere.com
aaaab31,bbbab31,cccaa92@nowhere.com
aaaac31,bbbac31,cccaa93@nowhere.com
aaaaa32,bbbaa32,cccaa94@nowhere.com
aaaab32,bbbab32,cccaa95@nowhere.com
aaaac32,bbbac32,cccaa96@nowhere.com
aaaaa33,bbbaa33,cccaa97@nowhere.com
aaaab33,bbbab33,cccaa98@nowhere.com
aaaac33,bbbac33,cccaa99@nowhere.com
aaaaa34,bbbaa34,cccaa100@nowhere.com
aaaab34,bbbab34,cccaa101@nowhere.com
aaaac34,bbbac34,cccaa102@nowhere.com
aaaaa35,bbbaa35,cccaa103@nowhere.com
aaaab35,bbbab35,cccaa104@nowhere.com
aaaac35,bbbac35,cccaa105@nowhere.com
aaaaa36,bbbaa36,cccaa106@nowhere.com
aaaab36,bbbab36,cccaa107@nowhere.com
aaaac36,bbbac36,cccaa108@nowhere.com
aaaaa37,bbbaa37,cccaa109@nowhere.com
aaaab37,bbbab37,cccaa110@nowhere.com
aaaac37,bbbac37,cccaa111@nowhere.com
aaaaa38,bbbaa38,cccaa112@nowhere.com
aaaab38,bbbab38,cccaa113@nowhere.com
aaaac38,bbbac38,cccaa114@nowhere.com
aaaaa39,bbbaa39,cccaa115@nowhere.com
aaaab39,bbbab39,cccaa116@nowhere.com
aaaac39,bbbac39,cccaa117@nowhere.com
aaaaa40,bbbaa40,cccaa118@nowhere.com
aaaab40,bbbab40,cccaa119@nowhere.com
aaaac40,bbbac40,cccaa120@nowhere.com
aaaaa41,bbbaa41,cccaa121@nowhere.com
aaaab41,bbbab41,cccaa122@nowhere.com
aaaac41,bbbac41,cccaa123@nowhere.com
aaaaa42,bbbaa42,cccaa124@nowhere.com
aaaab42,bbbab42,cccaa125@nowhere.com
aaaac42,bbbac42,cccaa126@nowhere.com
aaaaa43,bbbaa43,cccaa127@nowhere.com
aaaab43,bbbab43,cccaa128@nowhere.com
aaaac43,bbbac43,cccaa129@nowhere.com
aaaaa44,bbbaa44,cccaa130@nowhere.com
aaaab44,bbbab44,cccaa131@nowhere.com
aaaac44,bbbac44,cccaa132@nowhere.com
aaaaa45,bbbaa45,cccaa133@nowhere.com
aaaab45,bbbab45,cccaa134@nowhere.com
aaaac45,bbbac45,cccaa135@nowhere.com
aaaaa46,bbbaa46,cccaa136@nowhere.com
aaaab46,bbbab46,cccaa137@nowhere.com
aaaac46,bbbac46,cccaa138@nowhere.com
aaaaa47,bbbaa47,cccaa139@nowhere.com
aaaab47,bbbab47,cccaa140@nowhere.com
aaaac47,bbbac47,cccaa141@nowhere.com
aaaaa48,bbbaa48,cccaa142@nowhere.com
aaaab48,bbbab48,cccaa143@nowhere.com
aaaac48,bbbac48,cccaa144@nowhere.com
aaaaa49,bbbaa49,cccaa145@nowhere.com
aaaab49,bbbab49,cccaa146@nowhere.com
aaaac49,bbbac49,cccaa147@nowhere.com
aaaaa50,bbbaa50,cccaa148@nowhere.com
aaaab50,bbbab50,cccaa149@nowhere.com
aaaac50,bbbac50,cccaa150@nowhere.com
aaaaa51,bbbaa51,cccaa151@nowhere.com
aaaab51,bbbab51,cccaa152@nowhere.com
aaaac51,bbbac51,cccaa153@nowhere.com
aaaaa52,bbbaa52,cccaa154@nowhere.com
aaaab52,bbbab52,cccaa155@nowhere.com
aaaac52,bbbac52,cccaa156@nowhere.com
aaaaa53,bbbaa53,cccaa157@nowhere.com
aaaab53,bbbab53,cccaa158@nowhere.com
aaaac53,bbbac53,cccaa159@nowhere.com
aaaaa54,bbbaa54,cccaa160@nowhere.com
aaaab54,bbbab54,cccaa161@nowhere.com
aaaac54,bbbac54,cccaa162@nowhere.com
aaaaa55,bbbaa55,cccaa163@nowhere.com
aaaab55,bbbab55,cccaa164@nowhere.com
aaaac55,bbbac55,cccaa165@nowhere.com
aaaaa56,bbbaa56,cccaa166@nowhere.com
aaaab56,bbbab56,cccaa167@nowhere.com
aaaac56,bbbac56,cccaa168@nowhere.com
aaaaa57,bbbaa57,cccaa169@nowhere.com
aaaab57,bbbab57,cccaa170@nowhere.com
aaaac57,bbbac57,cccaa171@nowhere.com
aaaaa58,bbbaa58,cccaa172@nowhere.com
aaaab58,bbbab58,cccaa173@nowhere.com
aaaac58,bbbac58,cccaa174@nowhere.com
aaaaa59,bbbaa59,cccaa175@nowhere.com
aaaab59,bbbab59,cccaa176@nowhere.com
aaaac59,bbbac59,cccaa177@nowhere.com
aaaaa60,bbbaa60,cccaa178@nowhere.com
aaaab60,bbbab60,cccaa179@nowhere.com
aaaac60,bbbac60,cccaa180@nowhere.com
aaaaa61,bbbaa61,cccaa181@nowhere.com
aaaab61,bbbab61,cccaa182@nowhere.com
aaaac61,bbbac61,cccaa183@nowhere.com
aaaaa62,bbbaa62,cccaa184@nowhere.com
aaaab62,bbbab62,cccaa185@nowhere.com
aaaac62,bbbac62,cccaa186@nowhere.com
aaaaa63,bbbaa63,cccaa187@nowhere.com
aaaab63,bbbab63,cccaa188@nowhere.com
aaaac63,bbbac63,cccaa189@nowhere.com
aaaaa64,bbbaa64,cccaa190@nowhere.com
aaaab64,bbbab64,cccaa191@nowhere.com
aaaac64,bbbac64,cccaa192@nowhere.com
aaaaa65,bbbaa65,cccaa193@nowhere.com
aaaab65,bbbab65,cccaa194@nowhere.com
aaaac65,bbbac65,cccaa195@nowhere.com
aaaaa66,bbbaa66,cccaa196@nowhere.com
aaaab66,bbbab66,cccaa197@nowhere.com
aaaac66,bbbac66,cccaa198@nowhere.com
aaaaa67,bbbaa67,cccaa199@nowhere.com
aaaab67,bbbab67,cccaa200@nowhere.com
aaaac67,bbbac67,cccaa201@nowhere.com
aaaaa68,bbbaa68,cccaa202@nowhere.com
aaaab68,bbbab68,cccaa203@nowhere.com
aaaac68,bbbac68,cccaa204@nowhere.com
aaaaa69,bbbaa69,cccaa205@nowhere.com
aaaab69,bbbab69,cccaa206@nowhere.com
aaaac69,bbbac69,cccaa207@nowhere.com
aaaaa70,bbbaa70,cccaa208@nowhere.com
aaaab70,bbbab70,cccaa209@nowhere.com
aaaac70,bbbac70,cccaa210@nowhere.com
aaaaa71,bbbaa71,cccaa211@nowhere.com
aaaab71,bbbab71,cccaa212@nowhere.com
aaaac71,bbbac71,cccaa213@nowhere.com
aaaaa72,bbbaa72,cccaa214@nowhere.com
aaaab72,bbbab72,cccaa215@nowhere.com
aaaac72,bbbac72,cccaa216@nowhere.com
aaaaa73,bbbaa73,cccaa217@nowhere.com
aaaab73,bbbab73,cccaa218@nowhere.com
aaaac73,bbbac73,cccaa219@nowhere.com
aaaaa74,bbbaa74,cccaa220@nowhere.com
aaaab74,bbbab74,cccaa221@nowhere.com
aaaac74,bbbac74,cccaa222@nowhere.com
aaaaa75,bbbaa75,cccaa223@nowhere.com
aaaab75,bbbab75,cccaa224@nowhere.com
aaaac75,bbbac75,cccaa225@nowhere.com
aaaaa76,bbbaa76,cccaa226@nowhere.com
aaaab76,bbbab76,cccaa227@nowhere.com
aaaac76,bbbac76,cccaa228@nowhere.com
aaaaa77,bbbaa77,cccaa229@nowhere.com
aaaab77,bbbab77,cccaa230@nowhere.com
aaaac77,bbbac77,cccaa231@nowhere.com
aaaaa78,bbbaa78,cccaa232@nowhere.com
aaaab78,bbbab78,cccaa233@nowhere.com
aaaac78,bbbac78,cccaa234@nowhere.com
aaaaa79,bbbaa79,cccaa235@nowhere.com
aaaab79,bbbab79,cccaa236@nowhere.com
aaaac79,bbbac79,cccaa237@nowhere.com
aaaaa80,bbbaa80,cccaa238@nowhere.com
aaaab80,bbbab80,cccaa239@nowhere.com
aaaac80,bbbac80,cccaa240@nowhere.com
aaaaa81,bbbaa81,cccaa241@nowhere.com
aaaab81,bbbab81,cccaa242@nowhere.com
aaaac81,bbbac81,cccaa243@nowhere.com
aaaaa82,bbbaa82,cccaa244@nowhere.com
aaaab82,bbbab82,cccaa245@nowhere.com
aaaac82,bbbac82,cccaa246@nowhere.com
aaaaa83,bbbaa83,cccaa247@nowhere.com
aaaab83,bbbab83,cccaa248@nowhere.com
aaaac83,bbbac83,cccaa249@nowhere.com
aaaaa84,bbbaa84,cccaa250@nowhere.com
aaaab84,bbbab84,cccaa251@nowhere.com
aaaac84,bbbac84,cccaa252@nowhere.com
aaaaa85,bbbaa85,cccaa253@nowhere.com
aaaab85,bbbab85,cccaa254@nowhere.com
aaaac85,bbbac85,cccaa255@nowhere.com
aaaaa86,bbbaa86,cccaa256@nowhere.com
aaaab86,bbbab86,cccaa257@nowhere.com
aaaac86,bbbac86,cccaa258@nowhere.com
aaaaa87,bbbaa87,cccaa259@nowhere.com
aaaab87,bbbab87,cccaa260@nowhere.com
aaaac87,bbbac87,cccaa261@nowhere.com
aaaaa88,bbbaa88,cccaa262@nowhere.com
aaaab88,bbbab88,cccaa263@nowhere.com
aaaac88,bbbac88,cccaa264@nowhere.com
aaaaa89,bbbaa89,cccaa265@nowhere.com
aaaab89,bbbab89,cccaa266@nowhere.com
aaaac89,bbbac89,cccaa267@nowhere.com
aaaaa90,bbbaa90,cccaa268@nowhere.com
aaaab90,bbbab90,cccaa269@nowhere.com
aaaac90,bbbac90,cccaa270@nowhere.com
aaaaa91,bbbaa91,cccaa271@nowhere.com
aaaab91,bbbab91,cccaa272@nowhere.com
aaaac91,bbbac91,cccaa273@nowhere.com
aaaaa92,bbbaa92,cccaa274@nowhere.com
aaaab92,bbbab92,cccaa275@nowhere.com
aaaac92,bbbac92,cccaa276@nowhere.com
aaaaa93,bbbaa93,cccaa277@nowhere.com
aaaab93,bbbab93,cccaa278@nowhere.com
aaaac93,bbbac93,cccaa279@nowhere.com
aaaaa94,bbbaa94,cccaa280@nowhere.com
aaaab94,bbbab94,cccaa281@nowhere.com
aaaac94,bbbac94,cccaa282@nowhere.com
aaaaa95,bbbaa95,cccaa283@nowhere.com
aaaab95,bbbab95,cccaa284@nowhere.com
aaaac95,bbbac95,cccaa285@nowhere.com
aaaaa96,bbbaa96,cccaa286@nowhere.com
aaaab96,bbbab96,cccaa287@nowhere.com
aaaac96,bbbac96,cccaa288@nowhere.com
aaaaa97,bbbaa97,cccaa289@nowhere.com
aaaab97,bbbab97,cccaa290@nowhere.com
aaaac97,bbbac97,cccaa291@nowhere.com
aaaaa98,bbbaa98,cccaa292@nowhere.com
aaaab98,bbbab98,cccaa293@nowhere.com
aaaac98,bbbac98,cccaa294@nowhere.com
aaaaa99,bbbaa99,cccaa295@nowhere.com
aaaab99,bbbab99,cccaa296@nowhere.com
aaaac99,bbbac99,cccaa297@nowhere.com
aaaaa100,bbbaa100,cccaa298@nowhere.com
aaaab100,bbbab100,cccaa299@nowhere.com
aaaac100,bbbac100,cccaa300@nowhere.com
aaaaa101,bbbaa101,cccaa301@nowhere.com
aaaab101,bbbab101,cccaa302@nowhere.com
aaaac101,bbbac101,cccaa303@nowhere.com
aaaaa102,bbbaa102,cccaa304@nowhere.com
aaaab102,bbbab102,cccaa305@nowhere.com
aaaac102,bbbac102,cccaa306@nowhere.com
aaaaa103,bbbaa103,cccaa307@nowhere.com
aaaab103,bbbab103,cccaa308@nowhere.com
aaaac103,bbbac103,cccaa309@nowhere.com
aaaaa104,bbbaa104,cccaa310@nowhere.com
aaaab104,bbbab104,cccaa311@nowhere.com
aaaac104,bbbac104,cccaa312@nowhere.com
aaaaa105,bbbaa105,cccaa313@nowhere.com
aaaab105,bbbab105,cccaa314@nowhere.com
aaaac105,bbbac105,cccaa315@nowhere.com
aaaaa106,bbbaa106,cccaa316@nowhere.com
aaaab106,bbbab106,cccaa317@nowhere.com
aaaac106,bbbac106,cccaa318@nowhere.com
aaaaa107,bbbaa107,cccaa319@nowhere.com
aaaab107,bbbab107,cccaa320@nowhere.com
aaaac107,bbbac107,cccaa321@nowhere.com
aaaaa108,bbbaa108,cccaa322@nowhere.com
aaaab108,bbbab108,cccaa323@nowhere.com
aaaac108,bbbac108,cccaa324@nowhere.com
aaaaa109,bbbaa109,cccaa325@nowhere.com
aaaab109,bbbab109,cccaa326@nowhere.com
aaaac109,bbbac109,cccaa327@nowhere.com
aaaaa110,bbbaa110,cccaa328@nowhere.com
aaaab110,bbbab110,cccaa329@nowhere.com
aaaac110,bbbac110,cccaa330@nowhere.com
aaaaa111,bbbaa111,cccaa331@nowhere.com
aaaab111,bbbab111,cccaa332@nowhere.com
aaaac111,bbbac111,cccaa333@nowhere.com
aaaaa112,bbbaa112,cccaa334@nowhere.com
aaaab112,bbbab112,cccaa335@nowhere.com
aaaac112,bbbac112,cccaa336@nowhere.com
aaaaa113,bbbaa113,cccaa337@nowhere.com
aaaab113,bbbab113,cccaa338@nowhere.com
aaaac113,bbbac113,cccaa339@nowhere.com
aaaaa114,bbbaa114,cccaa340@nowhere.com
aaaab114,bbbab114,cccaa341@nowhere.com
aaaac114,bbbac114,cccaa342@nowhere.com
aaaaa115,bbbaa115,cccaa343@nowhere.com
aaaab115,bbbab115,cccaa344@nowhere.com
aaaac115,bbbac115,cccaa345@nowhere.com
aaaaa116,bbbaa116,cccaa346@nowhere.com
aaaab116,bbbab116,cccaa347@nowhere.com
aaaac116,bbbac116,cccaa348@nowhere.com
aaaaa117,bbbaa117,cccaa349@nowhere.com
aaaab117,bbbab117,cccaa350@nowhere.com
aaaac117,bbbac117,cccaa351@nowhere.com
aaaaa118,bbbaa118,cccaa352@nowhere.com
aaaab118,bbbab118,cccaa353@nowhere.com
aaaac118,bbbac118,cccaa354@nowhere.com
aaaaa119,bbbaa119,cccaa355@nowhere.com
aaaab119,bbbab119,cccaa356@nowhere.com
aaaac119,bbbac119,cccaa357@nowhere.com
aaaaa120,bbbaa120,cccaa358@nowhere.com
aaaab120,bbbab120,cccaa359@nowhere.com
aaaac120,bbbac120,cccaa360@nowhere.com
aaaaa121,bbbaa121,cccaa361@nowhere.com
aaaab121,bbbab121,cccaa362@nowhere.com
aaaac121,bbbac121,cccaa363@nowhere.com
aaaaa122,bbbaa122,cccaa364@nowhere.com
aaaab122,bbbab122,cccaa365@nowhere.com
aaaac122,bbbac122,cccaa366@nowhere.com
aaaaa123,bbbaa123,cccaa367@nowhere.com
aaaab123,bbbab123,cccaa368@nowhere.com
aaaac123,bbbac123,cccaa369@nowhere.com
aaaaa124,bbbaa124,cccaa370@nowhere.com
aaaab124,bbbab124,cccaa371@nowhere.com
aaaac124,bbbac124,cccaa372@nowhere.com
aaaaa125,bbbaa125,cccaa373@nowhere.com
aaaab125,bbbab125,cccaa374@nowhere.com
aaaac125,bbbac125,cccaa375@nowhere.com
aaaaa126,bbbaa126,cccaa376@nowhere.com
aaaab126,bbbab126,cccaa377@nowhere.com
aaaac126,bbbac126,cccaa378@nowhere.com
aaaaa127,bbbaa127,cccaa379@nowhere.com
aaaab127,bbbab127,cccaa380@nowhere.com
aaaac127,bbbac127,cccaa381@nowhere.com
aaaaa128,bbbaa128,cccaa382@nowhere.com
aaaab128,bbbab128,cccaa383@nowhere.com
aaaac128,bbbac128,cccaa384@nowhere.com
aaaaa129,bbbaa129,cccaa385@nowhere.com
aaaab129,bbbab129,cccaa386@nowhere.com
aaaac129,bbbac129,cccaa387@nowhere.com
aaaaa130,bbbaa130,cccaa388@nowhere.com
aaaab130,bbbab130,cccaa389@nowhere.com
aaaac130,bbbac130,cccaa390@nowhere.com
aaaaa131,bbbaa131,cccaa391@nowhere.com
aaaab131,bbbab131,cccaa392@nowhere.com
aaaac131,bbbac131,cccaa393@nowhere.com
aaaaa132,bbbaa132,cccaa394@nowhere.com
aaaab132,bbbab132,cccaa395@nowhere.com
aaaac132,bbbac132,cccaa396@nowhere.com
aaaaa133,bbbaa133,cccaa397@nowhere.com
aaaab133,bbbab133,cccaa398@nowhere.com
aaaac133,bbbac133,cccaa399@nowhere.com
aaaaa134,bbbaa134,cccaa400@nowhere.com
aaaab134,bbbab134,cccaa401@nowhere.com
aaaac134,bbbac134,cccaa402@nowhere.com
aaaaa135,bbbaa135,cccaa403@nowhere.com
aaaab135,bbbab135,cccaa404@nowhere.com
aaaac135,bbbac135,cccaa405@nowhere.com
aaaaa136,bbbaa136,cccaa406@nowhere.com
aaaab136,bbbab136,cccaa407@nowhere.com
aaaac136,bbbac136,cccaa408@nowhere.com
aaaaa137,bbbaa137,cccaa409@nowhere.com
aaaab137,bbbab137,cccaa410@nowhere.com
aaaac137,bbbac137,cccaa411@nowhere.com
aaaaa138,bbbaa138,cccaa412@nowhere.com
aaaab138,bbbab138,cccaa413@nowhere.com
aaaac138,bbbac138,cccaa414@nowhere.com
aaaaa139,bbbaa139,cccaa415@nowhere.com
aaaab139,bbbab139,cccaa416@nowhere.com
aaaac139,bbbac139,cccaa417@nowhere.com
aaaaa140,bbbaa140,cccaa418@nowhere.com
aaaab140,bbbab140,cccaa419@nowhere.com
aaaac140,bbbac140,cccaa420@nowhere.com
aaaaa141,bbbaa141,cccaa421@nowhere.com
aaaab141,bbbab141,cccaa422@nowhere.com
aaaac141,bbbac141,cccaa423@nowhere.com
aaaaa142,bbbaa142,cccaa424@nowhere.com
aaaab142,bbbab142,cccaa425@nowhere.com
aaaac142,bbbac142,cccaa426@nowhere.com
aaaaa143,bbbaa143,cccaa427@nowhere.com
aaaab143,bbbab143,cccaa428@nowhere.com
aaaac143,bbbac143,cccaa429@nowhere.com
aaaaa144,bbbaa144,cccaa430@nowhere.com
aaaab144,bbbab144,cccaa431@nowhere.com
aaaac144,bbbac144,cccaa432@nowhere.com
aaaaa145,bbbaa145,cccaa433@nowhere.com
aaaab145,bbbab145,cccaa434@nowhere.com
aaaac145,bbbac145,cccaa435@nowhere.com
aaaaa146,bbbaa146,cccaa436@nowhere.com
aaaab146,bbbab146,cccaa437@nowhere.com
aaaac146,bbbac146,cccaa438@nowhere.com
aaaaa147,bbbaa147,cccaa439@nowhere.com
aaaab147,bbbab147,cccaa440@nowhere.com
aaaac147,bbbac147,cccaa441@nowhere.com
aaaaa148,bbbaa148,cccaa442@nowhere.com
aaaab148,bbbab148,cccaa443@nowhere.com
aaaac148,bbbac148,cccaa444@nowhere.com
aaaaa149,bbbaa149,cccaa445@nowhere.com
aaaab149,bbbab149,cccaa446@nowhere.com
aaaac149,bbbac149,cccaa447@nowhere.com
aaaaa150,bbbaa150,cccaa448@nowhere.com
aaaab150,bbbab150,cccaa449@nowhere.com
aaaac150,bbbac150,cccaa450@nowhere.com
aaaaa151,bbbaa151,cccaa451@nowhere.com
aaaab151,bbbab151,cccaa452@nowhere.com
aaaac151,bbbac151,cccaa453@nowhere.com
aaaaa152,bbbaa152,cccaa454@nowhere.com
aaaab152,bbbab152,cccaa455@nowhere.com
aaaac152,bbbac152,cccaa456@nowhere.com
aaaaa153,bbbaa153,cccaa457@nowhere.com
aaaab153,bbbab153,cccaa458@nowhere.com
aaaac153,bbbac153,cccaa459@nowhere.com
aaaaa154,bbbaa154,cccaa460@nowhere.com
aaaab154,bbbab154,cccaa461@nowhere.com
aaaac154,bbbac154,cccaa462@nowhere.com
aaaaa155,bbbaa155,cccaa463@nowhere.com
aaaab155,bbbab155,cccaa464@nowhere.com
aaaac155,bbbac155,cccaa465@nowhere.com
aaaaa156,bbbaa156,cccaa466@nowhere.com
aaaab156,bbbab156,cccaa467@nowhere.com
aaaac156,bbbac156,cccaa468@nowhere.com
aaaaa157,bbbaa157,cccaa469@nowhere.com
aaaab157,bbbab157,cccaa470@nowhere.com
aaaac157,bbbac157,cccaa471@nowhere.com
aaaaa158,bbbaa158,cccaa472@nowhere.com
aaaab158,bbbab158,cccaa473@nowhere.com
aaaac158,bbbac158,cccaa474@nowhere.com
aaaaa159,bbbaa159,cccaa475@nowhere.com
aaaab159,bbbab159,cccaa476@nowhere.com
aaaac159,bbbac159,cccaa477@nowhere.com
aaaaa160,bbbaa160,cccaa478@nowhere.com
aaaab160,bbbab160,cccaa479@nowhere.com
aaaac160,bbbac160,cccaa480@nowhere.com
aaaaa161,bbbaa161,cccaa481@nowhere.com
aaaab161,bbbab161,cccaa482@nowhere.com
aaaac161,bbbac161,cccaa483@nowhere.com
aaaaa162,bbbaa162,cccaa484@nowhere.com
aaaab162,bbbab162,cccaa485@nowhere.com
aaaac162,bbbac162,cccaa486@nowhere.com
aaaaa163,bbbaa163,cccaa487@nowhere.com
aaaab163,bbbab163,cccaa488@nowhere.com
aaaac163,bbbac163,cccaa489@nowhere.com
aaaaa164,bbbaa164,cccaa490@nowhere.com
aaaab164,bbbab164,cccaa491@nowhere.com
aaaac164,bbbac164,cccaa492@nowhere.com
aaaaa165,bbbaa165,cccaa493@nowhere.com
aaaab165,bbbab165,cccaa494@nowhere.com
aaaac165,bbbac165,cccaa495@nowhere.com
aaaaa166,bbbaa166,cccaa496@nowhere.com
aaaab166,bbbab166,cccaa497@nowhere.com
aaaac166,bbbac166,cccaa498@nowhere.com
aaaaa167,bbbaa167,cccaa499@nowhere.com
aaaab167,bbbab167,cccaa500@nowhere.com
aaaac167,bbbac167,cccaa501@nowhere.com
aaaaa168,bbbaa168,cccaa502@nowhere.com
aaaab168,bbbab168,cccaa503@nowhere.com
aaaac168,bbbac168,cccaa504@nowhere.com
aaaaa169,bbbaa169,cccaa505@nowhere.com
aaaab169,bbbab169,cccaa506@nowhere.com
aaaac169,bbbac169,cccaa507@nowhere.com
aaaaa170,bbbaa170,cccaa508@nowhere.com
aaaab170,bbbab170,cccaa509@nowhere.com
aaaac170,bbbac170,cccaa510@nowhere.com
aaaaa171,bbbaa171,cccaa511@nowhere.com
aaaab171,bbbab171,cccaa512@nowhere.com
aaaac171,bbbac171,cccaa513@nowhere.com
aaaaa172,bbbaa172,cccaa514@nowhere.com
aaaab172,bbbab172,cccaa515@nowhere.com
aaaac172,bbbac172,cccaa516@nowhere.com
aaaaa173,bbbaa173,cccaa517@nowhere.com
aaaab173,bbbab173,cccaa518@nowhere.com
aaaac173,bbbac173,cccaa519@nowhere.com
aaaaa174,bbbaa174,cccaa520@nowhere.com
aaaab174,bbbab174,cccaa521@nowhere.com
aaaac174,bbbac174,cccaa522@nowhere.com
aaaaa175,bbbaa175,cccaa523@nowhere.com
aaaab175,bbbab175,cccaa524@nowhere.com
aaaac175,bbbac175,cccaa525@nowhere.com
aaaaa176,bbbaa176,cccaa526@nowhere.com
aaaab176,bbbab176,cccaa527@nowhere.com
aaaac176,bbbac176,cccaa528@nowhere.com
aaaaa177,bbbaa177,cccaa529@nowhere.com
aaaab177,bbbab177,cccaa530@nowhere.com
aaaac177,bbbac177,cccaa531@nowhere.com
aaaaa178,bbbaa178,cccaa532@nowhere.com
aaaab178,bbbab178,cccaa533@nowhere.com
aaaac178,bbbac178,cccaa534@nowhere.com
aaaaa179,bbbaa179,cccaa535@nowhere.com
aaaab179,bbbab179,cccaa536@nowhere.com
aaaac179,bbbac179,cccaa537@nowhere.com
aaaaa180,bbbaa180,cccaa538@nowhere.com
aaaab180,bbbab180,cccaa539@nowhere.com
aaaac180,bbbac180,cccaa540@nowhere.com
aaaaa181,bbbaa181,cccaa541@nowhere.com
aaaab181,bbbab181,cccaa542@nowhere.com
aaaac181,bbbac181,cccaa543@nowhere.com
aaaaa182,bbbaa182,cccaa544@nowhere.com
aaaab182,bbbab182,cccaa545@nowhere.com
aaaac182,bbbac182,cccaa546@nowhere.com
aaaaa183,bbbaa183,cccaa547@nowhere.com
aaaab183,bbbab183,cccaa548@nowhere.com
aaaac183,bbbac183,cccaa549@nowhere.com
aaaaa184,bbbaa184,cccaa550@nowhere.com
aaaab184,bbbab184,cccaa551@nowhere.com
aaaac184,bbbac184,cccaa552@nowhere.com
aaaaa185,bbbaa185,cccaa553@nowhere.com
aaaab185,bbbab185,cccaa554@nowhere.com
aaaac185,bbbac185,cccaa555@nowhere.com
aaaaa186,bbbaa186,cccaa556@nowhere.com
aaaab186,bbbab186,cccaa557@nowhere.com
aaaac186,bbbac186,cccaa558@nowhere.com
aaaaa187,bbbaa187,cccaa559@nowhere.com
aaaab187,bbbab187,cccaa560@nowhere.com
aaaac187,bbbac187,cccaa561@nowhere.com
aaaaa188,bbbaa188,cccaa562@nowhere.com
aaaab188,bbbab188,cccaa563@nowhere.com
aaaac188,bbbac188,cccaa564@nowhere.com
aaaaa189,bbbaa189,cccaa565@nowhere.com
aaaab189,bbbab189,cccaa566@nowhere.com
aaaac189,bbbac189,cccaa567@nowhere.com
aaaaa190,bbbaa190,cccaa568@nowhere.com
aaaab190,bbbab190,cccaa569@nowhere.com
aaaac190,bbbac190,cccaa570@nowhere.com
aaaaa191,bbbaa191,cccaa571@nowhere.com
aaaab191,bbbab191,cccaa572@nowhere.com
aaaac191,bbbac191,cccaa573@nowhere.com
aaaaa192,bbbaa192,cccaa574@nowhere.com
aaaab192,bbbab192,cccaa575@nowhere.com
aaaac192,bbbac192,cccaa576@nowhere.com
aaaaa193,bbbaa193,cccaa577@nowhere.com
aaaab193,bbbab193,cccaa578@nowhere.com
aaaac193,bbbac193,cccaa579@nowhere.com
aaaaa194,bbbaa194,cccaa580@nowhere.com
aaaab194,bbbab194,cccaa581@nowhere.com
aaaac194,bbbac194,cccaa582@nowhere.com
aaaaa195,bbbaa195,cccaa583@nowhere.com
aaaab195,bbbab195,cccaa584@nowhere.com
aaaac195,bbbac195,cccaa585@nowhere.com
aaaaa196,bbbaa196,cccaa586@nowhere.com
aaaab196,bbbab196,cccaa587@nowhere.com
aaaac196,bbbac196,cccaa588@nowhere.com
aaaaa197,bbbaa197,cccaa589@nowhere.com
aaaab197,bbbab197,cccaa590@nowhere.com
aaaac197,bbbac197,cccaa591@nowhere.com
aaaaa198,bbbaa198,cccaa592@nowhere.com
aaaab198,bbbab198,cccaa593@nowhere.com
aaaac198,bbbac198,cccaa594@nowhere.com
aaaaa199,bbbaa199,cccaa595@nowhere.com
aaaab199,bbbab199,cccaa596@nowhere.com
aaaac199,bbbac199,cccaa597@nowhere.com
aaaaa200,bbbaa200,cccaa598@nowhere.com
aaaab200,bbbab200,cccaa599@nowhere.com
aaaac200,bbbac200,cccaa600@nowhere.com
aaaaa201,bbbaa201,cccaa601@nowhere.com
aaaab201,bbbab201,cccaa602@nowhere.com
aaaac201,bbbac201,cccaa603@nowhere.com
aaaaa202,bbbaa202,cccaa604@nowhere.com
aaaab202,bbbab202,cccaa605@nowhere.com
aaaac202,bbbac202,cccaa606@nowhere.com
aaaaa203,bbbaa203,cccaa607@nowhere.com
aaaab203,bbbab203,cccaa608@nowhere.com
aaaac203,bbbac203,cccaa609@nowhere.com
aaaaa204,bbbaa204,cccaa610@nowhere.com
aaaab204,bbbab204,cccaa611@nowhere.com
aaaac204,bbbac204,cccaa612@nowhere.com
aaaaa205,bbbaa205,cccaa613@nowhere.com
aaaab205,bbbab205,cccaa614@nowhere.com
aaaac205,bbbac205,cccaa615@nowhere.com
aaaaa206,bbbaa206,cccaa616@nowhere.com
aaaab206,bbbab206,cccaa617@nowhere.com
aaaac206,bbbac206,cccaa618@nowhere.com
aaaaa207,bbbaa207,cccaa619@nowhere.com
aaaab207,bbbab207,cccaa620@nowhere.com
aaaac207,bbbac207,cccaa621@nowhere.com
aaaaa208,bbbaa208,cccaa622@nowhere.com
aaaab208,bbbab208,cccaa623@nowhere.com
aaaac208,bbbac208,cccaa624@nowhere.com
aaaaa209,bbbaa209,cccaa625@nowhere.com
aaaab209,bbbab209,cccaa626@nowhere.com
aaaac209,bbbac209,cccaa627@nowhere.com
aaaaa210,bbbaa210,cccaa628@nowhere.com
aaaab210,bbbab210,cccaa629@nowhere.com
aaaac210,bbbac210,cccaa630@nowhere.com
aaaaa211,bbbaa211,cccaa631@nowhere.com
aaaab211,bbbab211,cccaa632@nowhere.com
aaaac211,bbbac211,cccaa633@nowhere.com
aaaaa212,bbbaa212,cccaa634@nowhere.com
aaaab212,bbbab212,cccaa635@nowhere.com
aaaac212,bbbac212,cccaa636@nowhere.com
aaaaa213,bbbaa213,cccaa637@nowhere.com
aaaab213,bbbab213,cccaa638@nowhere.com
aaaac213,bbbac213,cccaa639@nowhere.com
aaaaa214,bbbaa214,cccaa640@nowhere.com
aaaab214,bbbab214,cccaa641@nowhere.com
aaaac214,bbbac214,cccaa642@nowhere.com
aaaaa215,bbbaa215,cccaa643@nowhere.com
aaaab215,bbbab215,cccaa644@nowhere.com
aaaac215,bbbac215,cccaa645@nowhere.com
aaaaa216,bbbaa216,cccaa646@nowhere.com
aaaab216,bbbab216,cccaa647@nowhere.com
aaaac216,bbbac216,cccaa648@nowhere.com
aaaaa217,bbbaa217,cccaa649@nowhere.com
aaaab217,bbbab217,cccaa650@nowhere.com
aaaac217,bbbac217,cccaa651@nowhere.com
aaaaa218,bbbaa218,cccaa652@nowhere.com
aaaab218,bbbab218,cccaa653@nowhere.com
aaaac218,bbbac218,cccaa654@nowhere.com
aaaaa219,bbbaa219,cccaa655@nowhere.com
aaaab219,bbbab219,cccaa656@nowhere.com
aaaac219,bbbac219,cccaa657@nowhere.com
aaaaa220,bbbaa220,cccaa658@nowhere.com
aaaab220,bbbab220,cccaa659@nowhere.com
aaaac220,bbbac220,cccaa660@nowhere.com
aaaaa221,bbbaa221,cccaa661@nowhere.com
aaaab221,bbbab221,cccaa662@nowhere.com
aaaac221,bbbac221,cccaa663@nowhere.com
aaaaa222,bbbaa222,cccaa664@nowhere.com
aaaab222,bbbab222,cccaa665@nowhere.com
aaaac222,bbbac222,cccaa666@nowhere.com
aaaaa223,bbbaa223,cccaa667@nowhere.com
aaaab223,bbbab223,cccaa668@nowhere.com
aaaac223,bbbac223,cccaa669@nowhere.com
aaaaa224,bbbaa224,cccaa670@nowhere.com
aaaab224,bbbab224,cccaa671@nowhere.com
aaaac224,bbbac224,cccaa672@nowhere.com
aaaaa225,bbbaa225,cccaa673@nowhere.com
aaaab225,bbbab225,cccaa674@nowhere.com
aaaac225,bbbac225,cccaa675@nowhere.com
aaaaa226,bbbaa226,cccaa676@nowhere.com
aaaab226,bbbab226,cccaa677@nowhere.com
aaaac226,bbbac226,cccaa678@nowhere.com
aaaaa227,bbbaa227,cccaa679@nowhere.com
aaaab227,bbbab227,cccaa680@nowhere.com
aaaac227,bbbac227,cccaa681@nowhere.com
aaaaa228,bbbaa228,cccaa682@nowhere.com
aaaab228,bbbab228,cccaa683@nowhere.com
aaaac228,bbbac228,cccaa684@nowhere.com
aaaaa229,bbbaa229,cccaa685@nowhere.com
aaaab229,bbbab229,cccaa686@nowhere.com
aaaac229,bbbac229,cccaa687@nowhere.com
aaaaa230,bbbaa230,cccaa688@nowhere.com
aaaab230,bbbab230,cccaa689@nowhere.com
aaaac230,bbbac230,cccaa690@nowhere.com
aaaaa231,bbbaa231,cccaa691@nowhere.com
aaaab231,bbbab231,cccaa692@nowhere.com
aaaac231,bbbac231,cccaa693@nowhere.com
aaaaa232,bbbaa232,cccaa694@nowhere.com
aaaab232,bbbab232,cccaa695@nowhere.com
aaaac232,bbbac232,cccaa696@nowhere.com
aaaaa233,bbbaa233,cccaa697@nowhere.com
aaaab233,bbbab233,cccaa698@nowhere.com
aaaac233,bbbac233,cccaa699@nowhere.com
aaaaa234,bbbaa234,cccaa700@nowhere.com
aaaab234,bbbab234,cccaa701@nowhere.com
aaaac234,bbbac234,cccaa702@nowhere.com
aaaaa235,bbbaa235,cccaa703@nowhere.com
aaaab235,bbbab235,cccaa704@nowhere.com
aaaac235,bbbac235,cccaa705@nowhere.com
aaaaa236,bbbaa236,cccaa706@nowhere.com
aaaab236,bbbab236,cccaa707@nowhere.com
aaaac236,bbbac236,cccaa708@nowhere.com
aaaaa237,bbbaa237,cccaa709@nowhere.com
aaaab237,bbbab237,cccaa710@nowhere.com
aaaac237,bbbac237,cccaa711@nowhere.com
aaaaa238,bbbaa238,cccaa712@nowhere.com
aaaab238,bbbab238,cccaa713@nowhere.com
aaaac238,bbbac238,cccaa714@nowhere.com
aaaaa239,bbbaa239,cccaa715@nowhere.com
aaaab239,bbbab239,cccaa716@nowhere.com
aaaac239,bbbac239,cccaa717@nowhere.com
aaaaa240,bbbaa240,cccaa718@nowhere.com
aaaab240,bbbab240,cccaa719@nowhere.com
aaaac240,bbbac240,cccaa720@nowhere.com
aaaaa241,bbbaa241,cccaa721@nowhere.com
aaaab241,bbbab241,cccaa722@nowhere.com
aaaac241,bbbac241,cccaa723@nowhere.com
aaaaa242,bbbaa242,cccaa724@nowhere.com
aaaab242,bbbab242,cccaa725@nowhere.com
aaaac242,bbbac242,cccaa726@nowhere.com
aaaaa243,bbbaa243,cccaa727@nowhere.com
aaaab243,bbbab243,cccaa728@nowhere.com
aaaac243,bbbac243,cccaa729@nowhere.com
aaaaa244,bbbaa244,cccaa730@nowhere.com
aaaab244,bbbab244,cccaa731@nowhere.com
aaaac244,bbbac244,cccaa732@nowhere.com
aaaaa245,bbbaa245,cccaa733@nowhere.com
aaaab245,bbbab245,cccaa734@nowhere.com
aaaac245,bbbac245,cccaa735@nowhere.com
aaaaa246,bbbaa246,cccaa736@nowhere.com
aaaab246,bbbab246,cccaa737@nowhere.com
aaaac246,bbbac246,cccaa738@nowhere.com
aaaaa247,bbbaa247,cccaa739@nowhere.com
aaaab247,bbbab247,cccaa740@nowhere.com
aaaac247,bbbac247,cccaa741@nowhere.com
aaaaa248,bbbaa248,cccaa742@nowhere.com
aaaab248,bbbab248,cccaa743@nowhere.com
aaaac248,bbbac248,cccaa744@nowhere.com
aaaaa249,bbbaa249,cccaa745@nowhere.com
aaaab249,bbbab249,cccaa746@nowhere.com
aaaac249,bbbac249,cccaa747@nowhere.com
aaaaa250,bbbaa250,cccaa748@nowhere.com
aaaab250,bbbab250,cccaa749@nowhere.com
aaaac250,bbbac250,cccaa750@nowhere.com
aaaaa251,bbbaa251,cccaa751@nowhere.com
aaaab251,bbbab251,cccaa752@nowhere.com
aaaac251,bbbac251,cccaa753@nowhere.com
aaaaa252,bbbaa252,cccaa754@nowhere.com
aaaab252,bbbab252,cccaa755@nowhere.com
aaaac252,bbbac252,cccaa756@nowhere.com
aaaaa253,bbbaa253,cccaa757@nowhere.com
aaaab253,bbbab253,cccaa758@nowhere.com
aaaac253,bbbac253,cccaa759@nowhere.com
aaaaa254,bbbaa254,cccaa760@nowhere.com
aaaab254,bbbab254,cccaa761@nowhere.com
aaaac254,bbbac254,cccaa762@nowhere.com
aaaaa255,bbbaa255,cccaa763@nowhere.com
aaaab255,bbbab255,cccaa764@nowhere.com
aaaac255,bbbac255,cccaa765@nowhere.com
aaaaa256,bbbaa256,cccaa766@nowhere.com
aaaab256,bbbab256,cccaa767@nowhere.com
aaaac256,bbbac256,cccaa768@nowhere.com
aaaaa257,bbbaa257,cccaa769@nowhere.com
aaaab257,bbbab257,cccaa770@nowhere.com
aaaac257,bbbac257,cccaa771@nowhere.com
aaaaa258,bbbaa258,cccaa772@nowhere.com
aaaab258,bbbab258,cccaa773@nowhere.com
aaaac258,bbbac258,cccaa774@nowhere.com
aaaaa259,bbbaa259,cccaa775@nowhere.com
aaaab259,bbbab259,cccaa776@nowhere.com
aaaac259,bbbac259,cccaa777@nowhere.com
aaaaa260,bbbaa260,cccaa778@nowhere.com
aaaab260,bbbab260,cccaa779@nowhere.com
aaaac260,bbbac260,cccaa780@nowhere.com
aaaaa261,bbbaa261,cccaa781@nowhere.com
aaaab261,bbbab261,cccaa782@nowhere.com
aaaac261,bbbac261,cccaa783@nowhere.com
aaaaa262,bbbaa262,cccaa784@nowhere.com
aaaab262,bbbab262,cccaa785@nowhere.com
aaaac262,bbbac262,cccaa786@nowhere.com
aaaaa263,bbbaa263,cccaa787@nowhere.com
aaaab263,bbbab263,cccaa788@nowhere.com
aaaac263,bbbac263,cccaa789@nowhere.com
aaaaa264,bbbaa264,cccaa790@nowhere.com
aaaab264,bbbab264,cccaa791@nowhere.com
aaaac264,bbbac264,cccaa792@nowhere.com
aaaaa265,bbbaa265,cccaa793@nowhere.com
aaaab265,bbbab265,cccaa794@nowhere.com
aaaac265,bbbac265,cccaa795@nowhere.com
aaaaa266,bbbaa266,cccaa796@nowhere.com
aaaab266,bbbab266,cccaa797@nowhere.com
aaaac266,bbbac266,cccaa798@nowhere.com
aaaaa267,bbbaa267,cccaa799@nowhere.com
aaaab267,bbbab267,cccaa800@nowhere.com
aaaac267,bbbac267,cccaa801@nowhere.com
aaaaa268,bbbaa268,cccaa802@nowhere.com
aaaab268,bbbab268,cccaa803@nowhere.com
aaaac268,bbbac268,cccaa804@nowhere.com
aaaaa269,bbbaa269,cccaa805@nowhere.com
aaaab269,bbbab269,cccaa806@nowhere.com
aaaac269,bbbac269,cccaa807@nowhere.com
aaaaa270,bbbaa270,cccaa808@nowhere.com
aaaab270,bbbab270,cccaa809@nowhere.com
aaaac270,bbbac270,cccaa810@nowhere.com
aaaaa271,bbbaa271,cccaa811@nowhere.com
aaaab271,bbbab271,cccaa812@nowhere.com
aaaac271,bbbac271,cccaa813@nowhere.com
aaaaa272,bbbaa272,cccaa814@nowhere.com
aaaab272,bbbab272,cccaa815@nowhere.com
aaaac272,bbbac272,cccaa816@nowhere.com
aaaaa273,bbbaa273,cccaa817@nowhere.com
aaaab273,bbbab273,cccaa818@nowhere.com
aaaac273,bbbac273,cccaa819@nowhere.com
aaaaa274,bbbaa274,cccaa820@nowhere.com
aaaab274,bbbab274,cccaa821@nowhere.com
aaaac274,bbbac274,cccaa822@nowhere.com
aaaaa275,bbbaa275,cccaa823@nowhere.com
aaaab275,bbbab275,cccaa824@nowhere.com
aaaac275,bbbac275,cccaa825@nowhere.com
aaaaa276,bbbaa276,cccaa826@nowhere.com
aaaab276,bbbab276,cccaa827@nowhere.com
aaaac276,bbbac276,cccaa828@nowhere.com
aaaaa277,bbbaa277,cccaa829@nowhere.com
aaaab277,bbbab277,cccaa830@nowhere.com
aaaac277,bbbac277,cccaa831@nowhere.com
aaaaa278,bbbaa278,cccaa832@nowhere.com
aaaab278,bbbab278,cccaa833@nowhere.com
aaaac278,bbbac278,cccaa834@nowhere.com
aaaaa279,bbbaa279,cccaa835@nowhere.com
aaaab279,bbbab279,cccaa836@nowhere.com
aaaac279,bbbac279,cccaa837@nowhere.com
aaaaa280,bbbaa280,cccaa838@nowhere.com
aaaab280,bbbab280,cccaa839@nowhere.com
aaaac280,bbbac280,cccaa840@nowhere.com
aaaaa281,bbbaa281,cccaa841@nowhere.com
aaaab281,bbbab281,cccaa842@nowhere.com
aaaac281,bbbac281,cccaa843@nowhere.com
aaaaa282,bbbaa282,cccaa844@nowhere.com
aaaab282,bbbab282,cccaa845@nowhere.com
aaaac282,bbbac282,cccaa846@nowhere.com
aaaaa283,bbbaa283,cccaa847@nowhere.com
aaaab283,bbbab283,cccaa848@nowhere.com
aaaac283,bbbac283,cccaa849@nowhere.com
aaaaa284,bbbaa284,cccaa850@nowhere.com
aaaab284,bbbab284,cccaa851@nowhere.com
aaaac284,bbbac284,cccaa852@nowhere.com
aaaaa285,bbbaa285,cccaa853@nowhere.com
aaaab285,bbbab285,cccaa854@nowhere.com
aaaac285,bbbac285,cccaa855@nowhere.com
aaaaa286,bbbaa286,cccaa856@nowhere.com
aaaab286,bbbab286,cccaa857@nowhere.com
aaaac286,bbbac286,cccaa858@nowhere.com
aaaaa287,bbbaa287,cccaa859@nowhere.com
aaaab287,bbbab287,cccaa860@nowhere.com
aaaac287,bbbac287,cccaa861@nowhere.com
aaaaa288,bbbaa288,cccaa862@nowhere.com
aaaab288,bbbab288,cccaa863@nowhere.com
aaaac288,bbbac288,cccaa864@nowhere.com
aaaaa289,bbbaa289,cccaa865@nowhere.com
aaaab289,bbbab289,cccaa866@nowhere.com
aaaac289,bbbac289,cccaa867@nowhere.com
aaaaa290,bbbaa290,cccaa868@nowhere.com
aaaab290,bbbab290,cccaa869@nowhere.com
aaaac290,bbbac290,cccaa870@nowhere.com
aaaaa291,bbbaa291,cccaa871@nowhere.com
aaaab291,bbbab291,cccaa872@nowhere.com
aaaac291,bbbac291,cccaa873@nowhere.com
aaaaa292,bbbaa292,cccaa874@nowhere.com
aaaab292,bbbab292,cccaa875@nowhere.com
aaaac292,bbbac292,cccaa876@nowhere.com
aaaaa293,bbbaa293,cccaa877@nowhere.com
aaaab293,bbbab293,cccaa878@nowhere.com
aaaac293,bbbac293,cccaa879@nowhere.com
aaaaa294,bbbaa294,cccaa880@nowhere.com
aaaab294,bbbab294,cccaa881@nowhere.com
aaaac294,bbbac294,cccaa882@nowhere.com
aaaaa295,bbbaa295,cccaa883@nowhere.com
aaaab295,bbbab295,cccaa884@nowhere.com
aaaac295,bbbac295,cccaa885@nowhere.com
aaaaa296,bbbaa296,cccaa886@nowhere.com
aaaab296,bbbab296,cccaa887@nowhere.com
aaaac296,bbbac296,cccaa888@nowhere.com
aaaaa297,bbbaa297,cccaa889@nowhere.com
aaaab297,bbbab297,cccaa890@nowhere.com
aaaac297,bbbac297,cccaa891@nowhere.com
aaaaa298,bbbaa298,cccaa892@nowhere.com
aaaab298,bbbab298,cccaa893@nowhere.com
aaaac298,bbbac298,cccaa894@nowhere.com
aaaaa299,bbbaa299,cccaa895@nowhere.com
aaaab299,bbbab299,cccaa896@nowhere.com
aaaac299,bbbac299,cccaa897@nowhere.com
aaaaa300,bbbaa300,cccaa898@nowhere.com
aaaab300,bbbab300,cccaa899@nowhere.com
aaaac300,bbbac300,cccaa900@nowhere.com
aaaaa301,bbbaa301,cccaa901@nowhere.com
aaaab301,bbbab301,cccaa902@nowhere.com
aaaac301,bbbac301,cccaa903@nowhere.com
aaaaa302,bbbaa302,cccaa904@nowhere.com
aaaab302,bbbab302,cccaa905@nowhere.com
aaaac302,bbbac302,cccaa906@nowhere.com
aaaaa303,bbbaa303,cccaa907@nowhere.com
aaaab303,bbbab303,cccaa908@nowhere.com
aaaac303,bbbac303,cccaa909@nowhere.com
aaaaa304,bbbaa304,cccaa910@nowhere.com
aaaab304,bbbab304,cccaa911@nowhere.com
aaaac304,bbbac304,cccaa912@nowhere.com
aaaaa305,bbbaa305,cccaa913@nowhere.com
aaaab305,bbbab305,cccaa914@nowhere.com
aaaac305,bbbac305,cccaa915@nowhere.com
aaaaa306,bbbaa306,cccaa916@nowhere.com
aaaab306,bbbab306,cccaa917@nowhere.com
aaaac306,bbbac306,cccaa918@nowhere.com
aaaaa307,bbbaa307,cccaa919@nowhere.com
aaaab307,bbbab307,cccaa920@nowhere.com
aaaac307,bbbac307,cccaa921@nowhere.com
aaaaa308,bbbaa308,cccaa922@nowhere.com
aaaab308,bbbab308,cccaa923@nowhere.com
aaaac308,bbbac308,cccaa924@nowhere.com
aaaaa309,bbbaa309,cccaa925@nowhere.com
aaaab309,bbbab309,cccaa926@nowhere.com
aaaac309,bbbac309,cccaa927@nowhere.com
aaaaa310,bbbaa310,cccaa928@nowhere.com
aaaab310,bbbab310,cccaa929@nowhere.com
aaaac310,bbbac310,cccaa930@nowhere.com
aaaaa311,bbbaa311,cccaa931@nowhere.com
aaaab311,bbbab311,cccaa932@nowhere.com
aaaac311,bbbac311,cccaa933@nowhere.com
aaaaa312,bbbaa312,cccaa934@nowhere.com
aaaab312,bbbab312,cccaa935@nowhere.com
aaaac312,bbbac312,cccaa936@nowhere.com
aaaaa313,bbbaa313,cccaa937@nowhere.com
aaaab313,bbbab313,cccaa938@nowhere.com
aaaac313,bbbac313,cccaa939@nowhere.com
aaaaa314,bbbaa314,cccaa940@nowhere.com
aaaab314,bbbab314,cccaa941@nowhere.com
aaaac314,bbbac314,cccaa942@nowhere.com
aaaaa315,bbbaa315,cccaa943@nowhere.com
aaaab315,bbbab315,cccaa944@nowhere.com
aaaac315,bbbac315,cccaa945@nowhere.com
aaaaa316,bbbaa316,cccaa946@nowhere.com
aaaab316,bbbab316,cccaa947@nowhere.com
aaaac316,bbbac316,cccaa948@nowhere.com
aaaaa317,bbbaa317,cccaa949@nowhere.com
aaaab317,bbbab317,cccaa950@nowhere.com
aaaac317,bbbac317,cccaa951@nowhere.com
aaaaa318,bbbaa318,cccaa952@nowhere.com
aaaab318,bbbab318,cccaa953@nowhere.com
aaaac318,bbbac318,cccaa954@nowhere.com
aaaaa319,bbbaa319,cccaa955@nowhere.com
aaaab319,bbbab319,cccaa956@nowhere.com
aaaac319,bbbac319,cccaa957@nowhere.com
aaaaa320,bbbaa320,cccaa958@nowhere.com
aaaab320,bbbab320,cccaa959@nowhere.com
aaaac320,bbbac320,cccaa960@nowhere.com
aaaaa321,bbbaa321,cccaa961@nowhere.com
aaaab321,bbbab321,cccaa962@nowhere.com
aaaac321,bbbac321,cccaa963@nowhere.com
aaaaa322,bbbaa322,cccaa964@nowhere.com
aaaab322,bbbab322,cccaa965@nowhere.com
aaaac322,bbbac322,cccaa966@nowhere.com
aaaaa323,bbbaa323,cccaa967@nowhere.com
aaaab323,bbbab323,cccaa968@nowhere.com
aaaac323,bbbac323,cccaa969@nowhere.com
aaaaa324,bbbaa324,cccaa970@nowhere.com
aaaab324,bbbab324,cccaa971@nowhere.com
aaaac324,bbbac324,cccaa972@nowhere.com
aaaaa325,bbbaa325,cccaa973@nowhere.com
aaaab325,bbbab325,cccaa974@nowhere.com
aaaac325,bbbac325,cccaa975@nowhere.com
aaaaa326,bbbaa326,cccaa976@nowhere.com
aaaab326,bbbab326,cccaa977@nowhere.com
aaaac326,bbbac326,cccaa978@nowhere.com
aaaaa327,bbbaa327,cccaa979@nowhere.com
aaaab327,bbbab327,cccaa980@nowhere.com
aaaac327,bbbac327,cccaa981@nowhere.com
aaaaa328,bbbaa328,cccaa982@nowhere.com
aaaab328,bbbab328,cccaa983@nowhere.com
aaaac328,bbbac328,cccaa984@nowhere.com
aaaaa329,bbbaa329,cccaa985@nowhere.com
aaaab329,bbbab329,cccaa986@nowhere.com
aaaac329,bbbac329,cccaa987@nowhere.com
aaaaa330,bbbaa330,cccaa988@nowhere.com
aaaab330,bbbab330,cccaa989@nowhere.com
aaaac330,bbbac330,cccaa990@nowhere.com
aaaaa331,bbbaa331,cccaa991@nowhere.com
aaaab331,bbbab331,cccaa992@nowhere.com
aaaac331,bbbac331,cccaa993@nowhere.com
aaaaa332,bbbaa332,cccaa994@nowhere.com
aaaab332,bbbab332,cccaa995@nowhere.com
aaaac332,bbbac332,cccaa996@nowhere.com
aaaaa333,bbbaa333,cccaa997@nowhere.com
aaaab333,bbbab333,cccaa998@nowhere.com
aaaac333,bbbac333,cccaa999@nowhere.com
aaaaa334,bbbaa334,cccaa1000@nowhere.com
